Áreas,Comarcas,Defensorias,Datas de Cadastro,Processos,Ações,Defensores
CÍVEL,BELÉM,11ª DEFENSORIA PÚBLICA CÍVEL,2026-02-28 12:48:11.125107-03:00,0825091-57.2026.8.14.0301,EMBARGOS À EXECUÇÃO (172),JOSE FLAVIO RIBEIRO MAUES
CÍVEL,BELÉM,11ª DEFENSORIA PÚBLICA CÍVEL,2026-03-27 10:04:43.040297-03:00,0833497-67.2026.8.14.0301,EMBARGOS À EXECUÇÃO (172),JOSE FLAVIO RIBEIRO MAUES
CÍVEL,BELÉM,11ª DEFENSORIA PÚBLICA CÍVEL,2026-04-28 08:32:24.593470-03:00,0846130-13.2026.8.14.0301,EMBARGOS À EXECUÇÃO (172),JOSE FLAVIO RIBEIRO MAUES
CÍVEL,BELÉM,11ª DEFENSORIA PÚBLICA CÍVEL,2026-04-28 08:40:22.916538-03:00,0846142-27.2026.8.14.0301,EXECUÇÃO DE TÍTULO EXTRAJUDICIAL,JOSE FLAVIO RIBEIRO MAUES
CÍVEL,BELÉM,11ª DEFENSORIA PÚBLICA CÍVEL,2026-07-14 09:57:07.037351-03:00,0869646-62.2026.8.14.0301,PROCEDIMENTO COMUM CÍVEL (7),JENIFFER DE BARROS RODRIGUES
CÍVEL,BELÉM,12ª DEFENSORIA PÚBLICA CÍVEL,2026-08-04 13:33:08.139402-03:00,0875466-62.2026.8.14.0301,EMBARGOS À EXECUÇÃO (172),ADRIANA MARTINS JORGE JOAO
CÍVEL,BELÉM,12ª DEFENSORIA PÚBLICA CÍVEL,2026-08-28 13:44:11.177412-03:00,0884191-40.2026.8.14.0301,ALVARÁ JUDICIAL - LEI 6858/80 (74),EDERNILSON DO NASCIMENTO BARROSO
CÍVEL,BELÉM,13ª DEFENSORIA PÚBLICA CÍVEL,2026-01-07 10:41:16.844075-03:00,0800424-07.2026.8.14.0301,INVENTÁRIO (39),CAIO FAVERO FERREIRA
CÍVEL,BELÉM,13ª DEFENSORIA PÚBLICA CÍVEL,2026-01-08 11:11:17.588121-03:00,0801794-21.2026.8.14.0301,PETIÇÃO CÍVEL (241),CAIO FAVERO FERREIRA
CÍVEL,BELÉM,13ª DEFENSORIA PÚBLICA CÍVEL,2026-03-20 12:53:32.275653-03:00,0831475-36.2026.8.14.0301,INVENTÁRIO (39),CAIO FAVERO FERREIRA
CÍVEL,BELÉM,13ª DEFENSORIA PÚBLICA CÍVEL,2026-03-24 12:57:19.643077-03:00,0832477-41.2026.8.14.0301,PROCEDIMENTO COMUM CÍVEL (7),CAIO FAVERO FERREIRA
CÍVEL,BELÉM,13ª DEFENSORIA PÚBLICA CÍVEL,2026-05-05 11:53:48.439131-03:00,0848299-70.2026.8.14.0301,INVENTÁRIO (39),CAIO FAVERO FERREIRA
CÍVEL,BELÉM,13ª DEFENSORIA PÚBLICA CÍVEL,2026-05-27 11:24:21.938265-03:00,0855557-34.2026.8.14.0301,DESPEJO POR FALTA DE PAGAMENTO (93),CAIO FAVERO FERREIRA
CÍVEL,BELÉM,13ª DEFENSORIA PÚBLICA CÍVEL,2026-06-11 12:12:51.098226-03:00,0859981-22.2026.8.14.0301,DESPEJO POR FALTA DE PAGAMENTO (93),CAIO FAVERO FERREIRA
CÍVEL,BELÉM,13ª DEFENSORIA PÚBLICA CÍVEL,2026-06-16 11:43:27.149703-03:00,0861292-48.2026.8.14.0301,INVENTÁRIO (39),CAIO FAVERO FERREIRA
CÍVEL,BELÉM,13ª DEFENSORIA PÚBLICA CÍVEL,2026-08-12 12:48:41.405973-03:00,0877939-21.2026.8.14.0301,INVENTÁRIO (39),CAIO FAVERO FERREIRA
CÍVEL,BELÉM,13ª DEFENSORIA PÚBLICA CÍVEL,2026-08-13 13:11:00.793923-03:00,0878340-20.2026.8.14.0301,INVENTÁRIO (39),CAIO FAVERO FERREIRA
CÍVEL,BELÉM,13ª DEFENSORIA PÚBLICA CÍVEL,2026-08-21 11:40:37.844517-03:00,0881254-57.2026.8.14.0301,INVENTÁRIO (39),CAIO FAVERO FERREIRA
CÍVEL,BELÉM,13ª DEFENSORIA PÚBLICA CÍVEL,2026-08-26 13:04:24.217335-03:00,0882840-32.2026.8.14.0301,INVENTÁRIO (39),CAIO FAVERO FERREIRA
CÍVEL,BELÉM,13ª DEFENSORIA PÚBLICA CÍVEL,2026-08-27 12:26:23.004536-03:00,0883330-54.2026.8.14.0301,INVENTÁRIO (39),CAIO FAVERO FERREIRA
CÍVEL,BELÉM,14ª DEFENSORIA PÚBLICA CÍVEL,2026-02-11 11:18:22.053414-03:00,0820064-93.2026.8.14.0301,PROCEDIMENTO COMUM CÍVEL (7),FRANCIARA LEMOS RELL
CÍVEL,BELÉM,15ª DEFENSORIA PÚBLICA CÍVEL,2026-01-07 09:49:21.569626-03:00,0800402-46.2026.8.14.0301,INVENTÁRIO (39),MAURO PINHO DA SILVA
CÍVEL,BELÉM,15ª DEFENSORIA PÚBLICA CÍVEL,2026-01-21 10:08:20.547035-03:00,0804322-28.2026.8.14.0301,INVENTÁRIO (39),MAURO PINHO DA SILVA
CÍVEL,BELÉM,15ª DEFENSORIA PÚBLICA CÍVEL,2026-01-27 08:54:27.314887-03:00,0805878-65.2026.8.14.0301,ALVARÁ JUDICIAL - LEI 6858/80 (74),MAURO PINHO DA SILVA
CÍVEL,BELÉM,15ª DEFENSORIA PÚBLICA CÍVEL,2026-01-29 10:58:45.050302-03:00,0806657-20.2026.8.14.0301,PROCEDIMENTO COMUM CÍVEL (7),MAURO PINHO DA SILVA
CÍVEL,BELÉM,15ª DEFENSORIA PÚBLICA CÍVEL,2026-02-04 08:27:18.793289-03:00,0813482-77.2026.8.14.0301,OUTROS PROCEDIMENTOS DE JURISDIÇÃO VOLUNTÁRIA (1294),MAURO PINHO DA SILVA
CÍVEL,BELÉM,15ª DEFENSORIA PÚBLICA CÍVEL,2026-02-04 11:26:55.801435-03:00,0814091-60.2026.8.14.0301,MONITÓRIA (40),MAURO PINHO DA SILVA
CÍVEL,BELÉM,15ª DEFENSORIA PÚBLICA CÍVEL,2026-02-05 09:08:15.837483-03:00,0815341-31.2026.8.14.0301,REINTEGRAÇÃO / MANUTENÇÃO DE POSSE (1707),MAURO PINHO DA SILVA
CÍVEL,BELÉM,15ª DEFENSORIA PÚBLICA CÍVEL,2026-02-12 13:14:11.302772-03:00,0820589-75.2026.8.14.0301,ARROLAMENTO SUMÁRIO (31),MAURO PINHO DA SILVA
CÍVEL,BELÉM,15ª DEFENSORIA PÚBLICA CÍVEL,2026-02-13 09:24:16.494226-03:00,0820886-82.2026.8.14.0301,OUTROS PROCEDIMENTOS DE JURISDIÇÃO VOLUNTÁRIA (1294),MAURO PINHO DA SILVA
CÍVEL,BELÉM,15ª DEFENSORIA PÚBLICA CÍVEL,2026-02-26 11:39:09.410798-03:00,0824291-29.2026.8.14.0301,INVENTÁRIO (39),MAURO PINHO DA SILVA
CÍVEL,BELÉM,15ª DEFENSORIA PÚBLICA CÍVEL,2026-02-26 11:58:38.632096-03:00,0824314-72.2026.8.14.0301,INTERDIÇÃO/CURATELA (58),MAURO PINHO DA SILVA
CÍVEL,BELÉM,15ª DEFENSORIA PÚBLICA CÍVEL,2026-03-09 08:34:38.747810-03:00,0827171-91.2026.8.14.0301,INVENTÁRIO (39),MAURO PINHO DA SILVA
CÍVEL,BELÉM,15ª DEFENSORIA PÚBLICA CÍVEL,2026-03-11 11:44:29.619415-03:00,0828302-04.2026.8.14.0301,ALVARÁ JUDICIAL - LEI 6858/80 (74),MAURO PINHO DA SILVA
CÍVEL,BELÉM,15ª DEFENSORIA PÚBLICA CÍVEL,2026-03-20 13:11:07.933160-03:00,0831481-43.2026.8.14.0301,REINTEGRAÇÃO / MANUTENÇÃO DE POSSE (1707),MAURO PINHO DA SILVA
CÍVEL,BELÉM,15ª DEFENSORIA PÚBLICA CÍVEL,2026-04-09 09:22:33.119784-03:00,0840032-12.2026.8.14.0301,INVENTÁRIO (39),MAURO PINHO DA SILVA
CÍVEL,BELÉM,15ª DEFENSORIA PÚBLICA CÍVEL,2026-04-14 08:28:52.688835-03:00,0841511-40.2026.8.14.0301,INVENTÁRIO (39),MAURO PINHO DA SILVA
CÍVEL,BELÉM,15ª DEFENSORIA PÚBLICA CÍVEL,2026-04-22 11:32:28.678075-03:00,0844126-03.2026.8.14.0301,IMISSÃO NA POSSE (113),MAURO PINHO DA SILVA
CÍVEL,BELÉM,15ª DEFENSORIA PÚBLICA CÍVEL,2026-04-23 09:42:50.600698-03:00,0844480-28.2026.8.14.0301,PROCEDIMENTO COMUM CÍVEL (7),MAURO PINHO DA SILVA
CÍVEL,BELÉM,15ª DEFENSORIA PÚBLICA CÍVEL,2026-04-23 14:26:45.709199-03:00,0844680-35.2026.8.14.0301,ALVARÁ JUDICIAL - LEI 6858/80 (74),MAURO PINHO DA SILVA
CÍVEL,BELÉM,15ª DEFENSORIA PÚBLICA CÍVEL,2026-04-29 08:44:16.296140-03:00,0846760-69.2026.8.14.0301,ALVARÁ JUDICIAL - LEI 6858/80 (74),MAURO PINHO DA SILVA
CÍVEL,BELÉM,15ª DEFENSORIA PÚBLICA CÍVEL,2026-05-01 14:47:57.252550-03:00,0847679-58.2026.8.14.0301,ARROLAMENTO SUMÁRIO (31),MAURO PINHO DA SILVA
CÍVEL,BELÉM,15ª DEFENSORIA PÚBLICA CÍVEL,2026-05-04 08:32:58.716824-03:00,0847822-47.2026.8.14.0301,INVENTÁRIO (39),MAURO PINHO DA SILVA
CÍVEL,BELÉM,15ª DEFENSORIA PÚBLICA CÍVEL,2026-05-04 11:02:00.577957-03:00,0847915-10.2026.8.14.0301,ARROLAMENTO SUMÁRIO (31),MAURO PINHO DA SILVA
CÍVEL,BELÉM,15ª DEFENSORIA PÚBLICA CÍVEL,2026-05-11 14:18:49.824755-03:00,0849906-21.2026.8.14.0301,OUTROS PROCEDIMENTOS DE JURISDIÇÃO VOLUNTÁRIA (1294),MAURO PINHO DA SILVA
CÍVEL,BELÉM,15ª DEFENSORIA PÚBLICA CÍVEL,2026-05-13 13:51:48.731625-03:00,0850864-07.2026.8.14.0301,ARROLAMENTO SUMÁRIO (31),MAURO PINHO DA SILVA
CÍVEL,BELÉM,15ª DEFENSORIA PÚBLICA CÍVEL,2026-05-22 11:13:44.235783-03:00,0854110-11.2026.8.14.0301,PROCEDIMENTO COMUM CÍVEL (7),MAURO PINHO DA SILVA
CÍVEL,BELÉM,15ª DEFENSORIA PÚBLICA CÍVEL,2026-05-27 12:07:23.458538-03:00,0855599-83.2026.8.14.0301,INVENTÁRIO (39),MAURO PINHO DA SILVA
CÍVEL,BELÉM,15ª DEFENSORIA PÚBLICA CÍVEL,2026-05-29 09:46:01.929417-03:00,0856396-59.2026.8.14.0301,REINTEGRAÇÃO / MANUTENÇÃO DE POSSE (1707),MAURO PINHO DA SILVA
CÍVEL,BELÉM,15ª DEFENSORIA PÚBLICA CÍVEL,2026-06-03 07:39:12.307129-03:00,0857790-04.2026.8.14.0301,PROCEDIMENTO COMUM CÍVEL (7),MAURO PINHO DA SILVA
CÍVEL,BELÉM,15ª DEFENSORIA PÚBLICA CÍVEL,2026-06-16 12:20:12.253350-03:00,0861323-68.2026.8.14.0301,ALVARÁ JUDICIAL - LEI 6858/80 (74),MAURO PINHO DA SILVA
CÍVEL,BELÉM,15ª DEFENSORIA PÚBLICA CÍVEL,2026-06-23 11:12:54.553085-03:00,0863368-45.2026.8.14.0301,INVENTÁRIO (39),MAURO PINHO DA SILVA
CÍVEL,BELÉM,15ª DEFENSORIA PÚBLICA CÍVEL,2026-06-25 09:56:50.804822-03:00,0864199-93.2026.8.14.0301,PROCEDIMENTO COMUM CÍVEL (7),MAURO PINHO DA SILVA
CÍVEL,BELÉM,15ª DEFENSORIA PÚBLICA CÍVEL,2026-06-26 09:58:11.294227-03:00,0864594-85.2026.8.14.0301,PROCEDIMENTO COMUM CÍVEL (7),MAURO PINHO DA SILVA
CÍVEL,BELÉM,15ª DEFENSORIA PÚBLICA CÍVEL,2026-07-07 09:00:14.490426-03:00,0867663-28.2026.8.14.0301,"ABERTURA, REGISTRO E CUMPRIMENTO DE TESTAMENTO (51)",MAURO PINHO DA SILVA
CÍVEL,BELÉM,15ª DEFENSORIA PÚBLICA CÍVEL,2026-07-31 09:29:13.047014-03:00,0874541-66.2026.8.14.0301,ALVARÁ JUDICIAL - LEI 6858/80 (74),MAURO PINHO DA SILVA
CÍVEL,BELÉM,15ª DEFENSORIA PÚBLICA CÍVEL,2026-08-05 09:54:19.045529-03:00,0875715-13.2026.8.14.0301,PROCEDIMENTO COMUM CÍVEL (7),MAURO PINHO DA SILVA
CÍVEL,BELÉM,15ª DEFENSORIA PÚBLICA CÍVEL,2026-08-07 08:53:09.653441-03:00,0876462-60.2026.8.14.0301,PROCEDIMENTO COMUM CÍVEL (7),MAURO PINHO DA SILVA
CÍVEL,BELÉM,15ª DEFENSORIA PÚBLICA CÍVEL,2026-08-10 08:52:25.074818-03:00,0876984-87.2026.8.14.0301,OUTROS PROCEDIMENTOS DE JURISDIÇÃO VOLUNTÁRIA (1294),MAURO PINHO DA SILVA
CÍVEL,BELÉM,15ª DEFENSORIA PÚBLICA CÍVEL,2026-08-13 09:50:43.760537-03:00,0878189-54.2026.8.14.0301,PROCEDIMENTO COMUM CÍVEL (7),MAURO PINHO DA SILVA
CÍVEL,BELÉM,15ª DEFENSORIA PÚBLICA CÍVEL,2026-08-18 13:59:28.626503-03:00,0879723-33.2026.8.14.0301,MONITÓRIA (40),MAURO PINHO DA SILVA
CÍVEL,BELÉM,15ª DEFENSORIA PÚBLICA CÍVEL,2026-08-25 12:21:10.412493-03:00,0882279-08.2026.8.14.0301,OUTROS PROCEDIMENTOS DE JURISDIÇÃO VOLUNTÁRIA (1294),MAURO PINHO DA SILVA
CÍVEL,BELÉM,15ª DEFENSORIA PÚBLICA CÍVEL,2026-08-26 14:15:30.312324-03:00,0882874-07.2026.8.14.0301,PROCEDIMENTO COMUM CÍVEL (7),MAURO PINHO DA SILVA
CÍVEL,BELÉM,1ª DEFENSORIA PÚBLICA CÍVEL,2026-01-21 10:41:06.181816-03:00,0804334-42.2026.8.14.0301,REINTEGRAÇÃO / MANUTENÇÃO DE POSSE (1707),FRANCIARA LEMOS RELL
CÍVEL,BELÉM,1ª DEFENSORIA PÚBLICA CÍVEL,2026-02-02 11:51:33.371089-03:00,0808115-72.2026.8.14.0301,INVENTÁRIO (39),FRANCIARA LEMOS RELL
CÍVEL,BELÉM,1ª DEFENSORIA PÚBLICA CÍVEL,2026-02-03 10:06:33.416310-03:00,0810002-91.2026.8.14.0301,REINTEGRAÇÃO / MANUTENÇÃO DE POSSE (1707),FRANCIARA LEMOS RELL
CÍVEL,BELÉM,1ª DEFENSORIA PÚBLICA CÍVEL,2026-03-19 12:01:15.493079-03:00,0831002-50.2026.8.14.0301,"ABERTURA, REGISTRO E CUMPRIMENTO DE TESTAMENTO (51)",FRANCIARA LEMOS RELL
CÍVEL,BELÉM,1ª DEFENSORIA PÚBLICA CÍVEL,2026-03-23 10:10:18.254799-03:00,0831933-53.2026.8.14.0301,ALVARÁ JUDICIAL - LEI 6858/80 (74),FRANCIARA LEMOS RELL
CÍVEL,BELÉM,1ª DEFENSORIA PÚBLICA CÍVEL,2026-03-23 10:38:26.383195-03:00,0831952-59.2026.8.14.0301,ALVARÁ JUDICIAL - LEI 6858/80 (74),FRANCIARA LEMOS RELL
CÍVEL,BELÉM,1ª DEFENSORIA PÚBLICA CÍVEL,2026-04-01 09:37:01.724178-03:00,0835033-16.2026.8.14.0301,ALVARÁ JUDICIAL - LEI 6858/80 (74),FRANCIARA LEMOS RELL
CÍVEL,BELÉM,1ª DEFENSORIA PÚBLICA CÍVEL,2026-04-08 09:20:45.192975-03:00,0839456-19.2026.8.14.0301,ALVARÁ JUDICIAL - LEI 6858/80 (74),FRANCIARA LEMOS RELL
CÍVEL,BELÉM,1ª DEFENSORIA PÚBLICA CÍVEL,2026-04-23 17:50:38.873058-03:00,0844862-21.2026.8.14.0301,ALVARÁ JUDICIAL - LEI 6858/80 (74),FRANCIARA LEMOS RELL
CÍVEL,BELÉM,1ª DEFENSORIA PÚBLICA CÍVEL,2026-04-24 08:12:20.277863-03:00,0845034-60.2026.8.14.0301,DESPEJO (92),FRANCIARA LEMOS RELL
CÍVEL,BELÉM,1ª DEFENSORIA PÚBLICA CÍVEL,2026-05-18 11:12:57.046359-03:00,0852167-56.2026.8.14.0301,ALVARÁ JUDICIAL - LEI 6858/80 (74),FRANCIARA LEMOS RELL
CÍVEL,BELÉM,1ª DEFENSORIA PÚBLICA CÍVEL,2026-05-22 10:56:49.044287-03:00,0854100-64.2026.8.14.0301,OUTROS PROCEDIMENTOS DE JURISDIÇÃO VOLUNTÁRIA (1294),FRANCIARA LEMOS RELL
CÍVEL,BELÉM,1ª DEFENSORIA PÚBLICA CÍVEL,2026-06-02 16:48:10.394421-03:00,0857692-19.2026.8.14.0301,REINTEGRAÇÃO / MANUTENÇÃO DE POSSE (1707),FRANCIARA LEMOS RELL
CÍVEL,BELÉM,1ª DEFENSORIA PÚBLICA CÍVEL,2026-07-02 11:03:35.002676-03:00,0866472-45.2026.8.14.0301,DESPEJO POR FALTA DE PAGAMENTO (93),FRANCIARA LEMOS RELL
CÍVEL,BELÉM,1ª DEFENSORIA PÚBLICA CÍVEL,2026-07-03 12:01:30.976272-03:00,0866873-44.2026.8.14.0301,PROCEDIMENTO COMUM CÍVEL (7),FRANCIARA LEMOS RELL
CÍVEL,BELÉM,1ª DEFENSORIA PÚBLICA CÍVEL,2026-07-03 18:15:28.332997-03:00,0867104-71.2026.8.14.0301,PROCEDIMENTO COMUM CÍVEL (7),FRANCIARA LEMOS RELL
CÍVEL,BELÉM,1ª DEFENSORIA PÚBLICA CÍVEL,2026-07-09 13:04:49.545917-03:00,0869687-29.2026.8.14.0301,EXECUÇÃO DE TÍTULO EXTRAJUDICIAL,LUCIANA SOUZA DOS ANJOS
CÍVEL,BELÉM,1ª DEFENSORIA PÚBLICA CÍVEL,2026-08-07 10:33:29.397471-03:00,0876512-86.2026.8.14.0301,ALVARÁ JUDICIAL - LEI 6858/80 (74),FRANCIARA LEMOS RELL
CÍVEL,BELÉM,1ª DEFENSORIA PÚBLICA CÍVEL,2026-08-13 10:04:14.968501-03:00,0878201-68.2026.8.14.0301,PROCEDIMENTO COMUM CÍVEL (7),FRANCIARA LEMOS RELL
CÍVEL,BELÉM,1ª DEFENSORIA PÚBLICA CÍVEL,2026-08-17 10:36:38.792398-03:00,0879169-98.2026.8.14.0301,EMBARGOS À EXECUÇÃO (172),FRANCIARA LEMOS RELL
CÍVEL,BELÉM,1ª DEFENSORIA PÚBLICA CÍVEL,2026-08-31 10:48:47.079137-03:00,0884467-71.2026.8.14.0301,REINTEGRAÇÃO / MANUTENÇÃO DE POSSE (1707),FRANCIARA LEMOS RELL
CÍVEL,BELÉM,1ª DEFENSORIA PUBLICA DOS JUIZADOS ESPECIAIS CIVEIS,2026-04-09 09:26:23.407505-03:00,0840033-94.2026.8.14.0301,PROCEDIMENTO DO JUIZADO ESPECIAL CÍVEL (436),JOSE FLAVIO RIBEIRO MAUES
CÍVEL,BELÉM,1ª DEFENSORIA PUBLICA DOS JUIZADOS ESPECIAIS CIVEIS,2026-04-14 11:34:12.163073-03:00,0842055-28.2026.8.14.0301,PROCEDIMENTO DO JUIZADO ESPECIAL CÍVEL (436),JOSE FLAVIO RIBEIRO MAUES
CÍVEL,BELÉM,1ª DEFENSORIA PUBLICA DOS JUIZADOS ESPECIAIS CIVEIS,2026-05-06 11:16:30.646172-03:00,0848611-46.2026.8.14.0301,PROCEDIMENTO DO JUIZADO ESPECIAL CÍVEL (436),JOSE FLAVIO RIBEIRO MAUES
CÍVEL,BELÉM,1ª DEFENSORIA PUBLICA DOS JUIZADOS ESPECIAIS CIVEIS,2026-05-14 14:10:31.585916-03:00,0852104-31.2026.8.14.0301,PROCEDIMENTO DO JUIZADO ESPECIAL CÍVEL (436),JOSE FLAVIO RIBEIRO MAUES
CÍVEL,BELÉM,1ª DEFENSORIA PUBLICA DOS JUIZADOS ESPECIAIS CIVEIS,2026-06-02 09:10:32.560359-03:00,0857382-13.2026.8.14.0301,PROCEDIMENTO DO JUIZADO ESPECIAL CÍVEL (436),JOSE FLAVIO RIBEIRO MAUES
CÍVEL,BELÉM,1ª DEFENSORIA PUBLICA DOS JUIZADOS ESPECIAIS CIVEIS,2026-06-02 10:13:37.472999-03:00,0857407-26.2026.8.14.0301,PROCEDIMENTO DO JUIZADO ESPECIAL CÍVEL (436),JOSE FLAVIO RIBEIRO MAUES
CÍVEL,BELÉM,1ª DEFENSORIA PUBLICA DOS JUIZADOS ESPECIAIS CIVEIS,2026-06-10 10:49:56.479596-03:00,0859538-71.2026.8.14.0301,PROCEDIMENTO COMUM CÍVEL (7),JOSE FLAVIO RIBEIRO MAUES
CÍVEL,BELÉM,1ª DEFENSORIA PUBLICA DOS JUIZADOS ESPECIAIS CIVEIS,2026-06-16 10:47:10.467426-03:00,0861243-07.2026.8.14.0301,PROCEDIMENTO DO JUIZADO ESPECIAL CÍVEL (436),JOSE FLAVIO RIBEIRO MAUES
CÍVEL,BELÉM,1ª DEFENSORIA PUBLICA DOS JUIZADOS ESPECIAIS CIVEIS,2026-06-16 14:56:38.751605-03:00,0861401-62.2026.8.14.0301,EMBARGOS À EXECUÇÃO (172),JOSE FLAVIO RIBEIRO MAUES
CÍVEL,BELÉM,1ª DEFENSORIA PUBLICA DOS JUIZADOS ESPECIAIS CIVEIS,2026-06-24 08:35:18.814520-03:00,0863754-75.2026.8.14.0301,PROCEDIMENTO DO JUIZADO ESPECIAL CÍVEL (436),JOSE FLAVIO RIBEIRO MAUES
CÍVEL,BELÉM,1ª DEFENSORIA PUBLICA DOS JUIZADOS ESPECIAIS CIVEIS,2026-07-02 10:34:05.742442-03:00,0866416-12.2026.8.14.0301,PROCEDIMENTO DO JUIZADO ESPECIAL CÍVEL (436),JOSE FLAVIO RIBEIRO MAUES
CÍVEL,BELÉM,1ª DEFENSORIA PUBLICA DOS JUIZADOS ESPECIAIS CIVEIS,2026-07-13 10:56:54.783928-03:00,0869429-19.2026.8.14.0301,PROCEDIMENTO DO JUIZADO ESPECIAL CÍVEL (436),JOSE FLAVIO RIBEIRO MAUES
CÍVEL,BELÉM,1ª DEFENSORIA PUBLICA DOS JUIZADOS ESPECIAIS CIVEIS,2026-07-14 11:29:29.464143-03:00,0869721-04.2026.8.14.0301,PROCEDIMENTO DO JUIZADO ESPECIAL CÍVEL (436),JOSE FLAVIO RIBEIRO MAUES
CÍVEL,BELÉM,1ª DEFENSORIA PUBLICA DOS JUIZADOS ESPECIAIS CIVEIS,2026-08-11 09:48:28.433993-03:00,0877867-34.2026.8.14.0301,PROCEDIMENTO DO JUIZADO ESPECIAL CÍVEL (436),JOSE FLAVIO RIBEIRO MAUES
CÍVEL,BELÉM,1ª DEFENSORIA PUBLICA DOS JUIZADOS ESPECIAIS CIVEIS,2026-08-27 11:15:06.524974-03:00,0883732-38.2026.8.14.0301,PROCEDIMENTO COMUM CÍVEL (7),JOSE FLAVIO RIBEIRO MAUES
CÍVEL,BELÉM,2ª DEFENSORIA PÚBLICA CÍVEL,2026-01-22 10:25:21.114387-03:00,0804679-08.2026.8.14.0301,PROCEDIMENTO COMUM CÍVEL (7),LUCIANA SOUZA DOS ANJOS
CÍVEL,BELÉM,2ª DEFENSORIA PÚBLICA CÍVEL,2026-02-11 08:35:47.168575-03:00,0819975-70.2026.8.14.0301,ALVARÁ JUDICIAL - LEI 6858/80 (74),LUCIANA SOUZA DOS ANJOS
CÍVEL,BELÉM,2ª DEFENSORIA PÚBLICA CÍVEL,2026-02-24 11:37:57.942576-03:00,0823307-45.2026.8.14.0301,PROCEDIMENTO COMUM CÍVEL (7),LUCIANA SOUZA DOS ANJOS
CÍVEL,BELÉM,2ª DEFENSORIA PÚBLICA CÍVEL,2026-03-02 11:54:17.463299-03:00,0825301-11.2026.8.14.0301,PROCEDIMENTO COMUM CÍVEL (7),LUCIANA SOUZA DOS ANJOS
CÍVEL,BELÉM,2ª DEFENSORIA PÚBLICA CÍVEL,2026-03-04 09:00:52.295239-03:00,0825987-03.2026.8.14.0301,ARROLAMENTO SUMÁRIO (31),LUCIANA SOUZA DOS ANJOS
CÍVEL,BELÉM,2ª DEFENSORIA PÚBLICA CÍVEL,2026-04-01 12:24:55.511370-03:00,0836348-79.2026.8.14.0301,ALVARÁ JUDICIAL - LEI 6858/80 (74),LUCIANA SOUZA DOS ANJOS
CÍVEL,BELÉM,2ª DEFENSORIA PÚBLICA CÍVEL,2026-04-06 10:56:43.570502-03:00,0836704-74.2026.8.14.0301,ALVARÁ JUDICIAL - LEI 6858/80 (74),LUCIANA SOUZA DOS ANJOS
CÍVEL,BELÉM,2ª DEFENSORIA PÚBLICA CÍVEL,2026-04-22 11:37:27.535615-03:00,0844134-77.2026.8.14.0301,PROCEDIMENTO COMUM CÍVEL (7),LUCIANA SOUZA DOS ANJOS
CÍVEL,BELÉM,2ª DEFENSORIA PÚBLICA CÍVEL,2026-04-28 09:58:20.764243-03:00,0846225-43.2026.8.14.0301,PROCEDIMENTO COMUM CÍVEL (7),LUCIANA SOUZA DOS ANJOS
CÍVEL,BELÉM,2ª DEFENSORIA PÚBLICA CÍVEL,2026-05-12 20:41:18.958948-03:00,0850617-26.2026.8.14.0301,CUMPRIMENTO PROVISÓRIO DE SENTENÇA (157),LUCIANA SOUZA DOS ANJOS
CÍVEL,BELÉM,2ª DEFENSORIA PÚBLICA CÍVEL,2026-05-25 12:19:06.909282-03:00,0854696-48.2026.8.14.0301,ARROLAMENTO COMUM (30),LUCIANA SOUZA DOS ANJOS
CÍVEL,BELÉM,2ª DEFENSORIA PÚBLICA CÍVEL,2026-05-27 09:11:45.980705-03:00,0855477-70.2026.8.14.0301,ARROLAMENTO COMUM (30),LUCIANA SOUZA DOS ANJOS
CÍVEL,BELÉM,2ª DEFENSORIA PÚBLICA CÍVEL,2026-05-29 12:58:27.881691-03:00,0856510-95.2026.8.14.0301,REINTEGRAÇÃO / MANUTENÇÃO DE POSSE (1707),LUCIANA SOUZA DOS ANJOS
CÍVEL,BELÉM,2ª DEFENSORIA PÚBLICA CÍVEL,2026-06-25 09:37:23.535517-03:00,0864185-12.2026.8.14.0301,PROCEDIMENTO COMUM CÍVEL (7),LUCIANA SOUZA DOS ANJOS
CÍVEL,BELÉM,2ª DEFENSORIA PÚBLICA CÍVEL,2026-07-21 09:17:09.574837-03:00,0871533-81.2026.8.14.0301,PROCEDIMENTO COMUM CÍVEL (7),LUCIANA SOUZA DOS ANJOS
CÍVEL,BELÉM,2ª DEFENSORIA PÚBLICA CÍVEL,2026-07-30 11:29:27.270432-03:00,0874328-60.2026.8.14.0301,PROCEDIMENTO COMUM CÍVEL (7),LUCIANA SOUZA DOS ANJOS
CÍVEL,BELÉM,2ª DEFENSORIA PÚBLICA CÍVEL,2026-08-12 09:05:35.110714-03:00,0877762-57.2026.8.14.0301,PROCEDIMENTO COMUM CÍVEL (7),LUCIANA SOUZA DOS ANJOS
CÍVEL,BELÉM,2ª DEFENSORIA PÚBLICA CÍVEL,2026-09-01 08:54:44.161637-03:00,0884836-65.2026.8.14.0301,PROCEDIMENTO COMUM CÍVEL (7),LUCIANA SOUZA DOS ANJOS
CÍVEL,BELÉM,2ª DEFENSORIA PUBLICA DOS JUIZADOS ESPECIAIS CIVEIS,2026-01-04 13:42:31.830707-03:00,0800140-96.2026.8.14.0301,PROCEDIMENTO DO JUIZADO ESPECIAL CÍVEL (436),DYEGO AZEVEDO MAIA
CÍVEL,BELÉM,2ª DEFENSORIA PUBLICA DOS JUIZADOS ESPECIAIS CIVEIS,2026-01-05 14:22:34.005080-03:00,0800137-44.2026.8.14.0301,REINTEGRAÇÃO / MANUTENÇÃO DE POSSE (1707),DYEGO AZEVEDO MAIA
CÍVEL,BELÉM,2ª DEFENSORIA PUBLICA DOS JUIZADOS ESPECIAIS CIVEIS,2026-03-09 12:03:44.555605-03:00,0827265-39.2026.8.14.0301,PROCEDIMENTO DO JUIZADO ESPECIAL CÍVEL (436),DYEGO AZEVEDO MAIA
CÍVEL,BELÉM,2ª DEFENSORIA PUBLICA DOS JUIZADOS ESPECIAIS CIVEIS,2026-04-07 21:45:57.825207-03:00,0839389-54.2026.8.14.0301,PROCEDIMENTO DO JUIZADO ESPECIAL CÍVEL (436),DYEGO AZEVEDO MAIA
CÍVEL,BELÉM,2ª DEFENSORIA PUBLICA DOS JUIZADOS ESPECIAIS CIVEIS,2026-06-20 16:46:49.944844-03:00,0862739-71.2026.8.14.0301,PROCEDIMENTO DO JUIZADO ESPECIAL CÍVEL (436),DYEGO AZEVEDO MAIA
CÍVEL,BELÉM,2ª DEFENSORIA PUBLICA DOS JUIZADOS ESPECIAIS CIVEIS,2026-06-20 18:34:47.465646-03:00,0862751-85.2026.8.14.0301,PROCEDIMENTO DO JUIZADO ESPECIAL CÍVEL (436),DYEGO AZEVEDO MAIA
CÍVEL,BELÉM,2ª DEFENSORIA PUBLICA DOS JUIZADOS ESPECIAIS CIVEIS,2026-06-21 11:10:06.409493-03:00,0862796-89.2026.8.14.0301,PROCEDIMENTO DO JUIZADO ESPECIAL CÍVEL (436),DYEGO AZEVEDO MAIA
CÍVEL,BELÉM,2ª DEFENSORIA PUBLICA DOS JUIZADOS ESPECIAIS CIVEIS,2026-06-28 18:43:14.109142-03:00,0865109-23.2026.8.14.0301,PROCEDIMENTO DO JUIZADO ESPECIAL CÍVEL (436),DYEGO AZEVEDO MAIA
CÍVEL,BELÉM,3ª DEFENSORIA PÚBLICA CÍVEL,2026-05-27 21:35:20.226583-03:00,0856942-17.2026.8.14.0301,PROCEDIMENTO COMUM CÍVEL (7),ANA PAULA PEREIRA MARQUES VIEIRA
CÍVEL,BELÉM,3ª DEFENSORIA PÚBLICA CÍVEL,2026-08-10 10:57:29.307826-03:00,0877576-34.2026.8.14.0301,INVENTÁRIO (39),ANA PAULA PEREIRA MARQUES VIEIRA
CÍVEL,BELÉM,4ª DEFENSORIA PÚBLICA CÍVEL,2026-01-12 08:57:00.947036-03:00,0801432-19.2026.8.14.0301,EMBARGOS À EXECUÇÃO (172),REINALDO MARTINS JUNIOR
CÍVEL,BELÉM,4ª DEFENSORIA PÚBLICA CÍVEL,2026-01-12 09:14:18.598638-03:00,0801439-11.2026.8.14.0301,PROCEDIMENTO COMUM CÍVEL (7),REINALDO MARTINS JUNIOR
CÍVEL,BELÉM,4ª DEFENSORIA PÚBLICA CÍVEL,2026-01-14 10:49:58.215663-03:00,0802244-61.2026.8.14.0301,INVENTÁRIO (39),REINALDO MARTINS JUNIOR
CÍVEL,BELÉM,4ª DEFENSORIA PÚBLICA CÍVEL,2026-01-16 10:32:33.277083-03:00,0803957-71.2026.8.14.0301,INVENTÁRIO (39),REINALDO MARTINS JUNIOR
CÍVEL,BELÉM,4ª DEFENSORIA PÚBLICA CÍVEL,2026-01-22 10:38:26.246760-03:00,0804696-44.2026.8.14.0301,PROCEDIMENTO COMUM CÍVEL (7),REINALDO MARTINS JUNIOR
CÍVEL,BELÉM,4ª DEFENSORIA PÚBLICA CÍVEL,2026-01-23 15:29:23.356864-03:00,0805329-55.2026.8.14.0301,EXIBIÇÃO DE DOCUMENTO OU COISA CÍVEL (228),REINALDO MARTINS JUNIOR
CÍVEL,BELÉM,4ª DEFENSORIA PÚBLICA CÍVEL,2026-01-31 13:43:18.478361-03:00,0807328-43.2026.8.14.0301,PROCEDIMENTO COMUM CÍVEL (7),REINALDO MARTINS JUNIOR
CÍVEL,BELÉM,4ª DEFENSORIA PÚBLICA CÍVEL,2026-02-04 14:31:33.437050-03:00,0815143-91.2026.8.14.0301,REINTEGRAÇÃO / MANUTENÇÃO DE POSSE (1707),REINALDO MARTINS JUNIOR
CÍVEL,BELÉM,4ª DEFENSORIA PÚBLICA CÍVEL,2026-02-05 17:01:13.978731-03:00,0817487-45.2026.8.14.0301,INVENTÁRIO (39),REINALDO MARTINS JUNIOR
CÍVEL,BELÉM,4ª DEFENSORIA PÚBLICA CÍVEL,2026-02-06 12:28:29.229822-03:00,0817930-93.2026.8.14.0301,PROCEDIMENTO COMUM CÍVEL (7),REINALDO MARTINS JUNIOR
CÍVEL,BELÉM,4ª DEFENSORIA PÚBLICA CÍVEL,2026-03-10 09:27:48.820226-03:00,0827633-48.2026.8.14.0301,PROCEDIMENTO COMUM CÍVEL (7),REINALDO MARTINS JUNIOR
CÍVEL,BELÉM,4ª DEFENSORIA PÚBLICA CÍVEL,2026-03-20 10:13:54.319746-03:00,0801161-13.2026.8.14.0009,REINTEGRAÇÃO / MANUTENÇÃO DE POSSE (1707),REINALDO MARTINS JUNIOR
CÍVEL,BELÉM,4ª DEFENSORIA PÚBLICA CÍVEL,2026-03-30 09:52:48.257401-03:00,0834997-71.2026.8.14.0301,INVENTÁRIO (39),REINALDO MARTINS JUNIOR
CÍVEL,BELÉM,4ª DEFENSORIA PÚBLICA CÍVEL,2026-03-30 14:13:04.286893-03:00,0834229-48.2026.8.14.0301,PROCEDIMENTO COMUM CÍVEL (7),REINALDO MARTINS JUNIOR
CÍVEL,BELÉM,4ª DEFENSORIA PÚBLICA CÍVEL,2026-04-23 08:51:56.470796-03:00,0844499-34.2026.8.14.0301,INVENTÁRIO (39),REINALDO MARTINS JUNIOR
CÍVEL,BELÉM,4ª DEFENSORIA PÚBLICA CÍVEL,2026-04-23 09:48:04.595904-03:00,0844497-64.2026.8.14.0301,INVENTÁRIO (39),REINALDO MARTINS JUNIOR
CÍVEL,BELÉM,4ª DEFENSORIA PÚBLICA CÍVEL,2026-04-26 17:04:55.276477-03:00,0845599-24.2026.8.14.0301,INVENTÁRIO (39),REINALDO MARTINS JUNIOR
CÍVEL,BELÉM,4ª DEFENSORIA PÚBLICA CÍVEL,2026-04-28 09:12:54.504747-03:00,0846161-33.2026.8.14.0301,REINTEGRAÇÃO / MANUTENÇÃO DE POSSE (1707),REINALDO MARTINS JUNIOR
CÍVEL,BELÉM,4ª DEFENSORIA PÚBLICA CÍVEL,2026-05-05 09:03:23.596444-03:00,0848202-70.2026.8.14.0301,LIQUIDAÇÃO DE SENTENÇA PELO PROCEDIMENTO COMUM (152),REINALDO MARTINS JUNIOR
CÍVEL,BELÉM,4ª DEFENSORIA PÚBLICA CÍVEL,2026-05-05 09:09:26.421804-03:00,0848193-11.2026.8.14.0301,LIQUIDAÇÃO DE SENTENÇA PELO PROCEDIMENTO COMUM (152),REINALDO MARTINS JUNIOR
CÍVEL,BELÉM,4ª DEFENSORIA PÚBLICA CÍVEL,2026-05-07 09:44:29.980921-03:00,0848973-48.2026.8.14.0301,INVENTÁRIO (39),REINALDO MARTINS JUNIOR
CÍVEL,BELÉM,4ª DEFENSORIA PÚBLICA CÍVEL,2026-05-19 10:30:42.772240-03:00,0852666-40.2026.8.14.0301,INVENTÁRIO (39),REINALDO MARTINS JUNIOR
CÍVEL,BELÉM,4ª DEFENSORIA PÚBLICA CÍVEL,2026-05-29 10:24:43.411868-03:00,0856492-74.2026.8.14.0301,INVENTÁRIO (39),REINALDO MARTINS JUNIOR
CÍVEL,BELÉM,4ª DEFENSORIA PÚBLICA CÍVEL,2026-05-29 11:28:30.769519-03:00,0856491-89.2026.8.14.0301,INVENTÁRIO (39),REINALDO MARTINS JUNIOR
CÍVEL,BELÉM,4ª DEFENSORIA PÚBLICA CÍVEL,2026-06-08 10:54:19.477400-03:00,0858616-30.2026.8.14.0301,INVENTÁRIO (39),REINALDO MARTINS JUNIOR
CÍVEL,BELÉM,4ª DEFENSORIA PÚBLICA CÍVEL,2026-06-10 13:24:14.610056-03:00,0859750-92.2026.8.14.0301,INVENTÁRIO (39),REINALDO MARTINS JUNIOR
CÍVEL,BELÉM,4ª DEFENSORIA PÚBLICA CÍVEL,2026-06-12 10:30:17.688320-03:00,0860322-48.2026.8.14.0301,INVENTÁRIO (39),REINALDO MARTINS JUNIOR
CÍVEL,BELÉM,4ª DEFENSORIA PÚBLICA CÍVEL,2026-06-24 11:58:50.895155-03:00,0864012-85.2026.8.14.0301,INVENTÁRIO (39),REINALDO MARTINS JUNIOR
CÍVEL,BELÉM,4ª DEFENSORIA PÚBLICA CÍVEL,2026-08-21 11:15:45.727653-03:00,0881230-29.2026.8.14.0301,PROCEDIMENTO COMUM CÍVEL (7),REINALDO MARTINS JUNIOR
CÍVEL,BELÉM,4ª DEFENSORIA PÚBLICA CÍVEL,2026-08-27 12:47:27.951217-03:00,0883345-23.2026.8.14.0301,PROCEDIMENTO COMUM CÍVEL (7),REINALDO MARTINS JUNIOR
CÍVEL,BELÉM,5ª DEFENSORIA PÚBLICA CÍVEL,2026-01-27 15:10:04.883773-03:00,0806031-98.2026.8.14.0301,INVENTÁRIO (39),CELIA SYMONNE FILOCREAO GONCALVES
CÍVEL,BELÉM,5ª DEFENSORIA PÚBLICA CÍVEL,2026-02-09 12:29:04.560258-03:00,0818676-58.2026.8.14.0301,PROCEDIMENTO COMUM CÍVEL (7),CELIA SYMONNE FILOCREAO GONCALVES
CÍVEL,BELÉM,5ª DEFENSORIA PÚBLICA CÍVEL,2026-02-09 21:38:32.744709-03:00,0819084-49.2026.8.14.0301,PROCEDIMENTO COMUM CÍVEL (7),CELIA SYMONNE FILOCREAO GONCALVES
CÍVEL,BELÉM,5ª DEFENSORIA PÚBLICA CÍVEL,2026-02-22 19:35:50.113312-03:00,0822737-59.2026.8.14.0301,INVENTÁRIO (39),CELIA SYMONNE FILOCREAO GONCALVES
CÍVEL,BELÉM,5ª DEFENSORIA PÚBLICA CÍVEL,2026-02-25 14:14:19.780473-03:00,0823911-06.2026.8.14.0301,INVENTÁRIO (39),CELIA SYMONNE FILOCREAO GONCALVES
CÍVEL,BELÉM,5ª DEFENSORIA PÚBLICA CÍVEL,2026-03-24 21:43:31.318105-03:00,0832676-63.2026.8.14.0301,REINTEGRAÇÃO / MANUTENÇÃO DE POSSE (1707),CELIA SYMONNE FILOCREAO GONCALVES
CÍVEL,BELÉM,5ª DEFENSORIA PÚBLICA CÍVEL,2026-03-24 22:11:19.962600-03:00,0832682-70.2026.8.14.0301,REINTEGRAÇÃO / MANUTENÇÃO DE POSSE (1707),CELIA SYMONNE FILOCREAO GONCALVES
CÍVEL,BELÉM,5ª DEFENSORIA PÚBLICA CÍVEL,2026-03-31 16:06:29.680826-03:00,0834831-39.2026.8.14.0301,REINTEGRAÇÃO / MANUTENÇÃO DE POSSE (1707),CELIA SYMONNE FILOCREAO GONCALVES
CÍVEL,BELÉM,5ª DEFENSORIA PÚBLICA CÍVEL,2026-05-18 21:06:50.582337-03:00,0852511-37.2026.8.14.0301,PROCEDIMENTO COMUM CÍVEL (7),CELIA SYMONNE FILOCREAO GONCALVES
CÍVEL,BELÉM,5ª DEFENSORIA PÚBLICA CÍVEL,2026-06-01 23:10:29.845674-03:00,0857299-94.2026.8.14.0301,INVENTÁRIO (39),CELIA SYMONNE FILOCREAO GONCALVES
CÍVEL,BELÉM,5ª DEFENSORIA PÚBLICA CÍVEL,2026-06-01 23:23:18.368728-03:00,0857302-49.2026.8.14.0301,INVENTÁRIO (39),CELIA SYMONNE FILOCREAO GONCALVES
CÍVEL,BELÉM,5ª DEFENSORIA PÚBLICA CÍVEL,2026-06-02 21:39:17.640902-03:00,0857767-58.2026.8.14.0301,PROCEDIMENTO COMUM CÍVEL (7),CELIA SYMONNE FILOCREAO GONCALVES
CÍVEL,BELÉM,5ª DEFENSORIA PÚBLICA CÍVEL,2026-06-12 11:54:18.684896-03:00,0860397-87.2026.8.14.0301,ALVARÁ JUDICIAL - LEI 6858/80 (74),CELIA SYMONNE FILOCREAO GONCALVES
CÍVEL,BELÉM,5ª DEFENSORIA PÚBLICA CÍVEL,2026-06-12 13:14:39.928780-03:00,0860437-69.2026.8.14.0301,REINTEGRAÇÃO / MANUTENÇÃO DE POSSE (1707),CELIA SYMONNE FILOCREAO GONCALVES
CÍVEL,BELÉM,5ª DEFENSORIA PÚBLICA CÍVEL,2026-06-16 18:57:14.108955-03:00,0861523-75.2026.8.14.0301,REINTEGRAÇÃO / MANUTENÇÃO DE POSSE (1707),CELIA SYMONNE FILOCREAO GONCALVES
CÍVEL,BELÉM,5ª DEFENSORIA PÚBLICA CÍVEL,2026-06-29 19:06:17.732656-03:00,0865374-25.2026.8.14.0301,PROCEDIMENTO COMUM CÍVEL (7),CELIA SYMONNE FILOCREAO GONCALVES
CÍVEL,BELÉM,5ª DEFENSORIA PÚBLICA CÍVEL,2026-06-30 15:17:26.533460-03:00,0865713-81.2026.8.14.0301,INVENTÁRIO (39),CELIA SYMONNE FILOCREAO GONCALVES
CÍVEL,BELÉM,5ª DEFENSORIA PÚBLICA CÍVEL,2026-07-02 01:24:39.844552-03:00,0866343-40.2026.8.14.0301,ARROLAMENTO COMUM (30),CELIA SYMONNE FILOCREAO GONCALVES
CÍVEL,BELÉM,5ª DEFENSORIA PÚBLICA CÍVEL,2026-08-12 15:38:49.143682-03:00,0878022-37.2026.8.14.0301,PROCEDIMENTO COMUM CÍVEL (7),CELIA SYMONNE FILOCREAO GONCALVES
CÍVEL,BELÉM,5ª DEFENSORIA PÚBLICA CÍVEL,2026-08-25 20:36:42.588365-03:00,0882559-76.2026.8.14.0301,PROCEDIMENTO COMUM CÍVEL (7),CELIA SYMONNE FILOCREAO GONCALVES
CÍVEL,BELÉM,5ª DEFENSORIA PÚBLICA CÍVEL,2026-08-26 08:25:02.258659-03:00,0882629-93.2026.8.14.0301,INVENTÁRIO (39),CELIA SYMONNE FILOCREAO GONCALVES
CÍVEL,BELÉM,6ª DEFENSORIA PÚBLICA CÍVEL,2026-01-15 13:36:58.108064-03:00,0802763-36.2026.8.14.0301,RETIFICAÇÃO DE REGISTRO DE IMÓVEL (1683),EMILGRIETTY SANTOS LISBOA
CÍVEL,BELÉM,6ª DEFENSORIA PÚBLICA CÍVEL,2026-01-17 10:49:39.496154-03:00,0803348-88.2026.8.14.0301,PROCEDIMENTO DO JUIZADO ESPECIAL DA FAZENDA PÚBLICA,EMILGRIETTY SANTOS LISBOA
CÍVEL,BELÉM,6ª DEFENSORIA PÚBLICA CÍVEL,2026-01-17 11:30:15.682039-03:00,0803337-59.2026.8.14.0301,PROCEDIMENTO COMUM CÍVEL (7),EMILGRIETTY SANTOS LISBOA
CÍVEL,BELÉM,6ª DEFENSORIA PÚBLICA CÍVEL,2026-01-17 13:54:29.590281-03:00,0803349-73.2026.8.14.0301,PROCEDIMENTO COMUM CÍVEL (7),EMILGRIETTY SANTOS LISBOA
CÍVEL,BELÉM,6ª DEFENSORIA PÚBLICA CÍVEL,2026-01-17 13:58:54.427277-03:00,0803350-58.2026.8.14.0301,PROCEDIMENTO COMUM CÍVEL (7),EMILGRIETTY SANTOS LISBOA
CÍVEL,BELÉM,6ª DEFENSORIA PÚBLICA CÍVEL,2026-01-18 09:23:25.605929-03:00,0803373-04.2026.8.14.0301,PROCEDIMENTO DO JUIZADO ESPECIAL DA FAZENDA PÚBLICA,EMILGRIETTY SANTOS LISBOA
CÍVEL,BELÉM,6ª DEFENSORIA PÚBLICA CÍVEL,2026-01-18 14:49:16.158855-03:00,0803377-41.2026.8.14.0301,PROCEDIMENTO DO JUIZADO ESPECIAL DA FAZENDA PÚBLICA,EMILGRIETTY SANTOS LISBOA
CÍVEL,BELÉM,6ª DEFENSORIA PÚBLICA CÍVEL,2026-01-23 13:06:34.204063-03:00,0807577-91.2026.8.14.0301,INVENTÁRIO (39),EMILGRIETTY SANTOS LISBOA
CÍVEL,BELÉM,6ª DEFENSORIA PÚBLICA CÍVEL,2026-02-02 12:16:48.065090-03:00,0808369-45.2026.8.14.0301,INVENTÁRIO (39),EMILGRIETTY SANTOS LISBOA
CÍVEL,BELÉM,6ª DEFENSORIA PÚBLICA CÍVEL,2026-02-03 14:34:14.046912-03:00,0815191-50.2026.8.14.0301,INVENTÁRIO (39),EMILGRIETTY SANTOS LISBOA
CÍVEL,BELÉM,6ª DEFENSORIA PÚBLICA CÍVEL,2026-03-03 01:06:34.407881-03:00,0825584-34.2026.8.14.0301,PROCEDIMENTO COMUM CÍVEL (7),EMILGRIETTY SANTOS LISBOA
CÍVEL,BELÉM,6ª DEFENSORIA PÚBLICA CÍVEL,2026-03-03 02:22:54.327108-03:00,0825586-04.2026.8.14.0301,PROCEDIMENTO DO JUIZADO ESPECIAL CÍVEL (436),EMILGRIETTY SANTOS LISBOA
CÍVEL,BELÉM,6ª DEFENSORIA PÚBLICA CÍVEL,2026-03-31 20:25:24.996871-03:00,0834936-16.2026.8.14.0301,EMBARGOS À EXECUÇÃO (172),EMILGRIETTY SANTOS LISBOA
CÍVEL,BELÉM,6ª DEFENSORIA PÚBLICA CÍVEL,2026-04-01 15:21:23.203183-03:00,0836467-40.2026.8.14.0301,ARROLAMENTO COMUM (30),EMILGRIETTY SANTOS LISBOA
CÍVEL,BELÉM,6ª DEFENSORIA PÚBLICA CÍVEL,2026-04-30 16:58:14.034843-03:00,0847529-77.2026.8.14.0301,ALVARÁ JUDICIAL - LEI 6858/80 (74),EMILGRIETTY SANTOS LISBOA
CÍVEL,BELÉM,6ª DEFENSORIA PÚBLICA CÍVEL,2026-05-20 16:40:13.721594-03:00,0853428-56.2026.8.14.0301,INVENTÁRIO (39),EMILGRIETTY SANTOS LISBOA
CÍVEL,BELÉM,6ª DEFENSORIA PÚBLICA CÍVEL,2026-05-29 15:21:31.432538-03:00,0856691-96.2026.8.14.0301,ALVARÁ JUDICIAL - LEI 6858/80 (74),EMILGRIETTY SANTOS LISBOA
CÍVEL,BELÉM,6ª DEFENSORIA PÚBLICA CÍVEL,2026-06-16 03:13:36.892729-03:00,0861161-73.2026.8.14.0301,INTERDIÇÃO/CURATELA (58),EMILGRIETTY SANTOS LISBOA
CÍVEL,BELÉM,6ª DEFENSORIA PÚBLICA CÍVEL,2026-07-09 10:23:52.930279-03:00,0868454-94.2026.8.14.0301,PROCEDIMENTO COMUM CÍVEL (7),EMILGRIETTY SANTOS LISBOA
CÍVEL,BELÉM,6ª DEFENSORIA PÚBLICA CÍVEL,2026-07-09 15:04:07.323940-03:00,0868637-65.2026.8.14.0301,ARROLAMENTO SUMÁRIO (31),EMILGRIETTY SANTOS LISBOA
CÍVEL,BELÉM,6ª DEFENSORIA PÚBLICA CÍVEL,2026-07-13 16:37:03.622502-03:00,0870561-14.2026.8.14.0301,EMBARGOS À EXECUÇÃO (172),EMILGRIETTY SANTOS LISBOA
CÍVEL,BELÉM,6ª DEFENSORIA PÚBLICA CÍVEL,2026-07-14 13:15:39.766664-03:00,0870158-45.2026.8.14.0301,INTERDIÇÃO/CURATELA (58),EMILGRIETTY SANTOS LISBOA
CÍVEL,BELÉM,6ª DEFENSORIA PÚBLICA CÍVEL,2026-08-19 09:21:02.079059-03:00,0880090-57.2026.8.14.0301,ARROLAMENTO COMUM (30),EMILGRIETTY SANTOS LISBOA
CÍVEL,BELÉM,7ª DEFENSORIA PÚBLICA CÍVEL,2026-01-21 11:51:55.176409-03:00,0804374-24.2026.8.14.0301,INVENTÁRIO (39),ADRIANA MARTINS JORGE JOAO
CÍVEL,BELÉM,7ª DEFENSORIA PÚBLICA CÍVEL,2026-01-21 13:16:53.795305-03:00,0804416-73.2026.8.14.0301,REINTEGRAÇÃO / MANUTENÇÃO DE POSSE (1707),ADRIANA MARTINS JORGE JOAO
CÍVEL,BELÉM,7ª DEFENSORIA PÚBLICA CÍVEL,2026-01-21 14:31:22.934302-03:00,0804465-17.2026.8.14.0301,INVENTÁRIO (39),ADRIANA MARTINS JORGE JOAO
CÍVEL,BELÉM,7ª DEFENSORIA PÚBLICA CÍVEL,2026-01-22 10:09:09.400750-03:00,0804672-16.2026.8.14.0301,INVENTÁRIO (39),ADRIANA MARTINS JORGE JOAO
CÍVEL,BELÉM,7ª DEFENSORIA PÚBLICA CÍVEL,2026-01-22 10:44:50.769439-03:00,0804698-14.2026.8.14.0301,INVENTÁRIO (39),ADRIANA MARTINS JORGE JOAO
CÍVEL,BELÉM,7ª DEFENSORIA PÚBLICA CÍVEL,2026-01-22 13:30:25.185237-03:00,0804822-94.2026.8.14.0301,INVENTÁRIO (39),ADRIANA MARTINS JORGE JOAO
CÍVEL,BELÉM,7ª DEFENSORIA PÚBLICA CÍVEL,2026-01-23 13:25:11.447477-03:00,0805260-23.2026.8.14.0301,INVENTÁRIO (39),ADRIANA MARTINS JORGE JOAO
CÍVEL,BELÉM,7ª DEFENSORIA PÚBLICA CÍVEL,2026-01-24 10:54:24.735382-03:00,0805444-76.2026.8.14.0301,PROCEDIMENTO COMUM CÍVEL (7),ADRIANA MARTINS JORGE JOAO
CÍVEL,BELÉM,7ª DEFENSORIA PÚBLICA CÍVEL,2026-03-25 10:06:18.056615-03:00,0832745-95.2026.8.14.0301,INVENTÁRIO (39),ADRIANA MARTINS JORGE JOAO
CÍVEL,BELÉM,7ª DEFENSORIA PÚBLICA CÍVEL,2026-03-25 10:52:55.319728-03:00,0832766-71.2026.8.14.0301,INVENTÁRIO (39),ADRIANA MARTINS JORGE JOAO
CÍVEL,BELÉM,7ª DEFENSORIA PÚBLICA CÍVEL,2026-03-25 11:43:09.256832-03:00,0832795-24.2026.8.14.0301,INVENTÁRIO (39),ADRIANA MARTINS JORGE JOAO
CÍVEL,BELÉM,7ª DEFENSORIA PÚBLICA CÍVEL,2026-04-24 17:39:32.849513-03:00,0845403-54.2026.8.14.0301,EMBARGOS À EXECUÇÃO (172),ADRIANA MARTINS JORGE JOAO
CÍVEL,BELÉM,7ª DEFENSORIA PÚBLICA CÍVEL,2026-06-17 09:50:49.173450-03:00,0861640-66.2026.8.14.0301,PROCEDIMENTO COMUM CÍVEL (7),ADRIANA MARTINS JORGE JOAO
CÍVEL,BELÉM,7ª DEFENSORIA PÚBLICA CÍVEL,2026-06-22 11:27:35.681201-03:00,0862949-25.2026.8.14.0301,INVENTÁRIO (39),ADRIANA MARTINS JORGE JOAO
CÍVEL,BELÉM,7ª DEFENSORIA PÚBLICA CÍVEL,2026-06-22 12:07:11.344065-03:00,0862977-90.2026.8.14.0301,INVENTÁRIO (39),ADRIANA MARTINS JORGE JOAO
CÍVEL,BELÉM,7ª DEFENSORIA PÚBLICA CÍVEL,2026-06-23 12:28:30.932760-03:00,0863873-36.2026.8.14.0301,REINTEGRAÇÃO / MANUTENÇÃO DE POSSE (1707),ADRIANA MARTINS JORGE JOAO
CÍVEL,BELÉM,7ª DEFENSORIA PÚBLICA CÍVEL,2026-06-25 11:33:37.439036-03:00,0864268-28.2026.8.14.0301,INVENTÁRIO (39),ADRIANA MARTINS JORGE JOAO
CÍVEL,BELÉM,7ª DEFENSORIA PÚBLICA CÍVEL,2026-07-04 12:18:02.427545-03:00,0867657-21.2026.8.14.0301,PROCEDIMENTO COMUM CÍVEL (7),ADRIANA MARTINS JORGE JOAO
CÍVEL,BELÉM,7ª DEFENSORIA PÚBLICA CÍVEL,2026-07-06 12:18:44.079531-03:00,0867662-43.2026.8.14.0301,AÇÃO DE EXIGIR CONTAS (45),ADRIANA MARTINS JORGE JOAO
CÍVEL,BELÉM,7ª DEFENSORIA PÚBLICA CÍVEL,2026-07-07 11:15:32.148543-03:00,0867728-23.2026.8.14.0301,PROCEDIMENTO COMUM CÍVEL (7),ADRIANA MARTINS JORGE JOAO
CÍVEL,BELÉM,7ª DEFENSORIA PÚBLICA CÍVEL,2026-07-14 12:03:28.589957-03:00,0871522-52.2026.8.14.0301,PROCEDIMENTO COMUM CÍVEL (7),ADRIANA MARTINS JORGE JOAO
CÍVEL,BELÉM,7ª DEFENSORIA PÚBLICA CÍVEL,2026-07-31 09:37:07.919673-03:00,0874547-73.2026.8.14.0301,EMBARGOS À EXECUÇÃO (172),ADRIANA MARTINS JORGE JOAO
CÍVEL,BELÉM,7ª DEFENSORIA PÚBLICA CÍVEL,2026-08-04 10:15:52.864369-03:00,0875316-81.2026.8.14.0301,EMBARGOS À EXECUÇÃO (172),ADRIANA MARTINS JORGE JOAO
CÍVEL,BELÉM,7ª DEFENSORIA PÚBLICA CÍVEL,2026-08-07 11:14:33.974885-03:00,0876547-46.2026.8.14.0301,DESPEJO POR FALTA DE PAGAMENTO (93),ADRIANA MARTINS JORGE JOAO
CÍVEL,BELÉM,7ª DEFENSORIA PÚBLICA CÍVEL,2026-08-07 11:29:44.963813-03:00,0876562-15.2026.8.14.0301,OUTROS PROCEDIMENTOS DE JURISDIÇÃO VOLUNTÁRIA (1294),ADRIANA MARTINS JORGE JOAO
CÍVEL,BELÉM,7ª DEFENSORIA PÚBLICA CÍVEL,2026-08-12 09:55:48.306747-03:00,0877783-33.2026.8.14.0301,INVENTÁRIO (39),ADRIANA MARTINS JORGE JOAO
CÍVEL,BELÉM,7ª DEFENSORIA PÚBLICA CÍVEL,2026-08-12 11:03:31.402594-03:00,0877855-20.2026.8.14.0301,INVENTÁRIO (39),ADRIANA MARTINS JORGE JOAO
CÍVEL,BELÉM,7ª DEFENSORIA PÚBLICA CÍVEL,2026-08-13 11:19:03.882103-03:00,0879203-73.2026.8.14.0301,PROCEDIMENTO COMUM CÍVEL (7),ADRIANA MARTINS JORGE JOAO
CÍVEL,BELÉM,7ª DEFENSORIA PÚBLICA CÍVEL,2026-08-19 10:00:46.341592-03:00,0880113-03.2026.8.14.0301,PROCEDIMENTO COMUM CÍVEL (7),ADRIANA MARTINS JORGE JOAO
CÍVEL,BELÉM,7ª DEFENSORIA PÚBLICA CÍVEL,2026-08-19 12:53:16.431360-03:00,0880295-86.2026.8.14.0301,USUCAPIÃO (49),ADRIANA MARTINS JORGE JOAO
CÍVEL,BELÉM,7ª DEFENSORIA PÚBLICA CÍVEL,2026-08-19 13:22:28.353030-03:00,0880306-18.2026.8.14.0301,PROCEDIMENTO COMUM CÍVEL (7),ADRIANA MARTINS JORGE JOAO
CÍVEL,BELÉM,7ª DEFENSORIA PÚBLICA CÍVEL,2026-08-19 13:51:26.152527-03:00,0880320-02.2026.8.14.0301,REINTEGRAÇÃO / MANUTENÇÃO DE POSSE (1707),ADRIANA MARTINS JORGE JOAO
CÍVEL,BELÉM,7ª DEFENSORIA PÚBLICA CÍVEL,2026-08-20 09:48:59.459926-03:00,0880637-97.2026.8.14.0301,PROCEDIMENTO COMUM CÍVEL (7),ADRIANA MARTINS JORGE JOAO
CÍVEL,BELÉM,7ª DEFENSORIA PÚBLICA CÍVEL,2026-08-20 10:30:39.525654-03:00,0880694-18.2026.8.14.0301,INVENTÁRIO (39),ADRIANA MARTINS JORGE JOAO
CÍVEL,BELÉM,7ª DEFENSORIA PÚBLICA CÍVEL,2026-08-24 12:20:54.565716-03:00,0881781-09.2026.8.14.0301,PROCEDIMENTO COMUM CÍVEL (7),ADRIANA MARTINS JORGE JOAO
CÍVEL,BELÉM,7ª DEFENSORIA PÚBLICA CÍVEL,2026-08-26 11:05:22.690454-03:00,0882719-04.2026.8.14.0301,DESPEJO POR FALTA DE PAGAMENTO (93),ADRIANA MARTINS JORGE JOAO
CÍVEL,BELÉM,7ª DEFENSORIA PÚBLICA CÍVEL,2026-08-26 11:55:45.676223-03:00,0882769-30.2026.8.14.0301,INVENTÁRIO (39),ADRIANA MARTINS JORGE JOAO
CÍVEL,BELÉM,7ª DEFENSORIA PÚBLICA CÍVEL,2026-08-26 12:25:15.913609-03:00,0882810-94.2026.8.14.0301,INVENTÁRIO (39),ADRIANA MARTINS JORGE JOAO
CÍVEL,BELÉM,7ª DEFENSORIA PÚBLICA CÍVEL,2026-08-26 13:12:40.457608-03:00,0882842-02.2026.8.14.0301,INVENTÁRIO (39),ADRIANA MARTINS JORGE JOAO
CÍVEL,BELÉM,8ª DEFENSORIA PÚBLICA CÍVEL,2026-03-03 12:09:20.365509-03:00,0825694-33.2026.8.14.0301,PROCEDIMENTO COMUM CÍVEL (7),JENIFFER DE BARROS RODRIGUES
CÍVEL,BELÉM,8ª DEFENSORIA PÚBLICA CÍVEL,2026-03-17 10:53:06.310336-03:00,0830175-39.2026.8.14.0301,PROCEDIMENTO COMUM CÍVEL (7),JENIFFER DE BARROS RODRIGUES
CÍVEL,BELÉM,8ª DEFENSORIA PÚBLICA CÍVEL,2026-03-23 13:47:07.220220-03:00,0832074-72.2026.8.14.0301,CUMPRIMENTO DE SENTENÇA (156),JENIFFER DE BARROS RODRIGUES
CÍVEL,BELÉM,8ª DEFENSORIA PÚBLICA CÍVEL,2026-03-24 11:56:29.837143-03:00,0832430-67.2026.8.14.0301,PROCEDIMENTO COMUM CÍVEL (7),JENIFFER DE BARROS RODRIGUES
CÍVEL,BELÉM,8ª DEFENSORIA PÚBLICA CÍVEL,2026-03-24 12:39:40.521293-03:00,0845720-52.2026.8.14.0301,ALVARÁ JUDICIAL - LEI 6858/80 (74),JENIFFER DE BARROS RODRIGUES
CÍVEL,BELÉM,8ª DEFENSORIA PÚBLICA CÍVEL,2026-03-27 10:01:44.005253-03:00,0833496-82.2026.8.14.0301,INVENTÁRIO (39),JENIFFER DE BARROS RODRIGUES
CÍVEL,BELÉM,8ª DEFENSORIA PÚBLICA CÍVEL,2026-03-27 11:08:47.655544-03:00,0833549-63.2026.8.14.0301,INVENTÁRIO (39),JENIFFER DE BARROS RODRIGUES
CÍVEL,BELÉM,8ª DEFENSORIA PÚBLICA CÍVEL,2026-04-07 15:45:36.493744-03:00,0839226-74.2026.8.14.0301,INTERDITO PROIBITÓRIO (1709),JENIFFER DE BARROS RODRIGUES
CÍVEL,BELÉM,8ª DEFENSORIA PÚBLICA CÍVEL,2026-04-15 11:50:18.091699-03:00,0842176-56.2026.8.14.0301,PROCEDIMENTO COMUM CÍVEL (7),JENIFFER DE BARROS RODRIGUES
CÍVEL,BELÉM,8ª DEFENSORIA PÚBLICA CÍVEL,2026-04-29 11:16:08.491544-03:00,0846803-06.2026.8.14.0301,PROCEDIMENTO COMUM CÍVEL (7),JENIFFER DE BARROS RODRIGUES
CÍVEL,BELÉM,8ª DEFENSORIA PÚBLICA CÍVEL,2026-04-29 13:45:57.193478-03:00,0846925-19.2026.8.14.0301,PROCEDIMENTO COMUM CÍVEL (7),JENIFFER DE BARROS RODRIGUES
CÍVEL,BELÉM,8ª DEFENSORIA PÚBLICA CÍVEL,2026-04-29 14:00:34.495557-03:00,0846940-85.2026.8.14.0301,PROCEDIMENTO COMUM CÍVEL (7),JENIFFER DE BARROS RODRIGUES
CÍVEL,BELÉM,8ª DEFENSORIA PÚBLICA CÍVEL,2026-04-30 12:06:05.916932-03:00,0847819-92.2026.8.14.0301,PROCEDIMENTO COMUM CÍVEL (7),JENIFFER DE BARROS RODRIGUES
CÍVEL,BELÉM,8ª DEFENSORIA PÚBLICA CÍVEL,2026-05-06 16:25:56.400392-03:00,0848768-19.2026.8.14.0301,PROCEDIMENTO COMUM CÍVEL (7),JENIFFER DE BARROS RODRIGUES
CÍVEL,BELÉM,8ª DEFENSORIA PÚBLICA CÍVEL,2026-05-06 21:09:22.349205-03:00,0848851-35.2026.8.14.0301,MONITÓRIA (40),JENIFFER DE BARROS RODRIGUES
CÍVEL,BELÉM,8ª DEFENSORIA PÚBLICA CÍVEL,2026-05-06 21:47:26.589138-03:00,0848855-72.2026.8.14.0301,PROCEDIMENTO COMUM CÍVEL (7),JENIFFER DE BARROS RODRIGUES
CÍVEL,BELÉM,8ª DEFENSORIA PÚBLICA CÍVEL,2026-05-08 11:20:30.947809-03:00,0849410-89.2026.8.14.0301,ARROLAMENTO SUMÁRIO (31),JENIFFER DE BARROS RODRIGUES
CÍVEL,BELÉM,8ª DEFENSORIA PÚBLICA CÍVEL,2026-05-08 12:15:12.172276-03:00,0849445-49.2026.8.14.0301,ARROLAMENTO SUMÁRIO (31),JENIFFER DE BARROS RODRIGUES
CÍVEL,BELÉM,8ª DEFENSORIA PÚBLICA CÍVEL,2026-05-11 11:42:37.913407-03:00,0852958-25.2026.8.14.0301,ARROLAMENTO SUMÁRIO (31),JENIFFER DE BARROS RODRIGUES
CÍVEL,BELÉM,8ª DEFENSORIA PÚBLICA CÍVEL,2026-05-19 10:45:00.737694-03:00,0852928-87.2026.8.14.0301,ARROLAMENTO SUMÁRIO (31),JENIFFER DE BARROS RODRIGUES
CÍVEL,BELÉM,8ª DEFENSORIA PÚBLICA CÍVEL,2026-06-17 10:34:30.168711-03:00,0861658-87.2026.8.14.0301,RETIFICAÇÃO OU SUPRIMENTO OU RESTAURAÇÃO DE REGISTRO CIVIL (1682),JENIFFER DE BARROS RODRIGUES
CÍVEL,BELÉM,8ª DEFENSORIA PÚBLICA CÍVEL,2026-06-22 10:24:47.268754-03:00,0862907-73.2026.8.14.0301,DESPEJO POR FALTA DE PAGAMENTO CUMULADO COM COBRANÇA (94),JENIFFER DE BARROS RODRIGUES
CÍVEL,BELÉM,8ª DEFENSORIA PÚBLICA CÍVEL,2026-06-22 14:29:02.464567-03:00,0863055-84.2026.8.14.0301,ARROLAMENTO SUMÁRIO (31),JENIFFER DE BARROS RODRIGUES
CÍVEL,BELÉM,8ª DEFENSORIA PÚBLICA CÍVEL,2026-06-22 15:25:44.052915-03:00,0863088-74.2026.8.14.0301,ARROLAMENTO COMUM (30),JENIFFER DE BARROS RODRIGUES
CÍVEL,BELÉM,8ª DEFENSORIA PÚBLICA CÍVEL,2026-06-22 17:26:54.117620-03:00,0863166-68.2026.8.14.0301,PROCEDIMENTO COMUM CÍVEL (7),JENIFFER DE BARROS RODRIGUES
CÍVEL,BELÉM,8ª DEFENSORIA PÚBLICA CÍVEL,2026-06-22 17:51:34.350073-03:00,0863181-37.2026.8.14.0301,ALVARÁ JUDICIAL - LEI 6858/80 (74),JENIFFER DE BARROS RODRIGUES
CÍVEL,BELÉM,8ª DEFENSORIA PÚBLICA CÍVEL,2026-06-22 18:22:40.196491-03:00,0866527-93.2026.8.14.0301,ALVARÁ JUDICIAL - LEI 6858/80 (74),JENIFFER DE BARROS RODRIGUES
CÍVEL,BELÉM,8ª DEFENSORIA PÚBLICA CÍVEL,2026-06-24 09:23:56.000341-03:00,0863786-80.2026.8.14.0301,ARROLAMENTO SUMÁRIO (31),JENIFFER DE BARROS RODRIGUES
CÍVEL,BELÉM,8ª DEFENSORIA PÚBLICA CÍVEL,2026-07-02 11:17:27.100827-03:00,0866430-93.2026.8.14.0301,ALVARÁ JUDICIAL - LEI 6858/80 (74),JENIFFER DE BARROS RODRIGUES
CÍVEL,BELÉM,8ª DEFENSORIA PÚBLICA CÍVEL,2026-07-06 17:58:53.931207-03:00,0867584-49.2026.8.14.0301,PROCEDIMENTO COMUM CÍVEL (7),JENIFFER DE BARROS RODRIGUES
CÍVEL,BELÉM,8ª DEFENSORIA PÚBLICA CÍVEL,2026-07-14 09:47:20.075705-03:00,0871348-43.2026.8.14.0301,EXECUÇÃO DE TÍTULO EXTRAJUDICIAL,JENIFFER DE BARROS RODRIGUES
CÍVEL,BELÉM,8ª DEFENSORIA PÚBLICA CÍVEL,2026-07-14 10:54:04.764737-03:00,0869686-44.2026.8.14.0301,PROCEDIMENTO COMUM CÍVEL (7),JENIFFER DE BARROS RODRIGUES
CÍVEL,BELÉM,8ª DEFENSORIA PÚBLICA CÍVEL,2026-07-14 11:39:13.603166-03:00,0869731-48.2026.8.14.0301,INVENTÁRIO (39),JENIFFER DE BARROS RODRIGUES
CÍVEL,BELÉM,8ª DEFENSORIA PÚBLICA CÍVEL,2026-07-14 13:17:15.489268-03:00,0869806-87.2026.8.14.0301,REINTEGRAÇÃO / MANUTENÇÃO DE POSSE (1707),JENIFFER DE BARROS RODRIGUES
CÍVEL,BELÉM,8ª DEFENSORIA PÚBLICA CÍVEL,2026-07-31 19:45:14.462348-03:00,0874810-08.2026.8.14.0301,EMBARGOS À EXECUÇÃO (172),JENIFFER DE BARROS RODRIGUES
CÍVEL,BELÉM,8ª DEFENSORIA PÚBLICA CÍVEL,2026-08-03 14:08:20.200521-03:00,0875112-37.2026.8.14.0301,PROCEDIMENTO COMUM CÍVEL (7),JENIFFER DE BARROS RODRIGUES
CÍVEL,BELÉM,8ª DEFENSORIA PÚBLICA CÍVEL,2026-08-17 11:12:28.237606-03:00,0879181-15.2026.8.14.0301,EMBARGOS À EXECUÇÃO (172),JENIFFER DE BARROS RODRIGUES
CÍVEL,BELÉM,8ª DEFENSORIA PÚBLICA CÍVEL,2026-08-21 13:25:43.589139-03:00,0881324-74.2026.8.14.0301,EXECUÇÃO DE TÍTULO EXTRAJUDICIAL,JENIFFER DE BARROS RODRIGUES
CÍVEL,BELÉM,8ª DEFENSORIA PÚBLICA CÍVEL,2026-08-21 13:30:08.140231-03:00,0881327-29.2026.8.14.0301,EXECUÇÃO DE TÍTULO EXTRAJUDICIAL,JENIFFER DE BARROS RODRIGUES
CÍVEL,BELÉM,8ª DEFENSORIA PÚBLICA CÍVEL,2026-08-21 13:47:32.895153-03:00,0881339-43.2026.8.14.0301,EXECUÇÃO DE TÍTULO EXTRAJUDICIAL,JENIFFER DE BARROS RODRIGUES
CÍVEL,BELÉM,8ª DEFENSORIA PÚBLICA CÍVEL,2026-08-21 14:12:55.039846-03:00,0881353-27.2026.8.14.0301,EXECUÇÃO DE TÍTULO EXTRAJUDICIAL,JENIFFER DE BARROS RODRIGUES
CÍVEL,BELÉM,8ª DEFENSORIA PÚBLICA CÍVEL,2026-08-31 10:55:09.173406-03:00,0884472-93.2026.8.14.0301,EXECUÇÃO DE TÍTULO EXTRAJUDICIAL,JENIFFER DE BARROS RODRIGUES
CÍVEL,BELÉM,9ª DEFENSORIA PÚBLICA CÍVEL,2026-01-22 13:57:54.337030-03:00,0804834-11.2026.8.14.0301,INVENTÁRIO (39),ADRIANA MARTINS JORGE JOAO
CÍVEL,BELÉM,9ª DEFENSORIA PÚBLICA CÍVEL,2026-08-11 10:50:19.955471-03:00,0877441-22.2026.8.14.0301,PROCEDIMENTO COMUM CÍVEL (7),LUCIANA SOUZA DOS ANJOS
CÍVEL,BELÉM,COORDENAÇÃO CIVEL,2026-01-23 10:31:35.785704-03:00,0805218-71.2026.8.14.0301,RETIFICAÇÃO OU SUPRIMENTO OU RESTAURAÇÃO DE REGISTRO CIVIL (1682),JOSE FLAVIO RIBEIRO MAUES
CÍVEL,BELÉM,COORDENAÇÃO CIVEL,2026-03-19 12:25:05.174871-03:00,0832452-28.2026.8.14.0301,RETIFICAÇÃO OU SUPRIMENTO OU RESTAURAÇÃO DE REGISTRO CIVIL (1682),ANA PAULA PEREIRA MARQUES VIEIRA
CÍVEL,BELÉM,COORDENAÇÃO CIVEL,2026-04-28 13:21:14.500794-03:00,0849294-83.2026.8.14.0301,RETIFICAÇÃO OU SUPRIMENTO OU RESTAURAÇÃO DE REGISTRO CIVIL (1682),ANA PAULA PEREIRA MARQUES VIEIRA
CÍVEL,BELÉM,COORDENAÇÃO CIVEL,2026-08-07 18:59:42.136781-03:00,0877229-98.2026.8.14.0301,EMBARGOS À EXECUÇÃO (172),ANA PAULA PEREIRA MARQUES VIEIRA
