Mes_Ano,Defensores,Categoria,Acao,Quantidade,Sistema
01/2026,VERENA MAUÉS FIDALGO BARROS,FAMÍLIA,Divórcio (SCPJ),7,SCPJ
01/2026,VERENA MAUÉS FIDALGO BARROS,FAMÍLIA,"Alimentos (constituição, revisão, exoneração etc.) (SCPJ)",2,SCPJ
01/2026,VERENA MAUÉS FIDALGO BARROS,FAMÍLIA,"Guarda (constituição, revisão, exoneração etc.) (SCPJ)",1,SCPJ
01/2026,VERENA MAUÉS FIDALGO BARROS,FAMÍLIA,Outros(as) (SCPJ),12,SCPJ
01/2026,VERENA MAUÉS FIDALGO BARROS,FAMÍLIA,Registro Extemporâneo Nascimento/Óbito (SCPJ),9,SCPJ
01/2026,VERENA MAUÉS FIDALGO BARROS,CÍVEL,Ações Diversas (SCPJ),13,SCPJ
01/2026,PAULA CUNHA DA SILVA DENADAI,FAMÍLIA,Ações Diversas (SCPJ),6,SCPJ
02/2026,PAULA CUNHA DA SILVA DENADAI,FAMÍLIA,Ações Diversas (SCPJ),7,SCPJ
02/2026,PAULA CUNHA DA SILVA DENADAI,CÍVEL,Ações Diversas (SCPJ),4,SCPJ
02/2026,ANA MARINA MONTEIRO VALENTE DO COUTO,FAMÍLIA,Ações Diversas (SCPJ),13,SCPJ
02/2026,ANA MARINA MONTEIRO VALENTE DO COUTO,CÍVEL,Ações Diversas (SCPJ),21,SCPJ
03/2026,VERENA MAUÉS FIDALGO BARROS,FAMÍLIA,Ações Diversas (SCPJ),17,SCPJ
03/2026,VERENA MAUÉS FIDALGO BARROS,CÍVEL,Ações Diversas (SCPJ),11,SCPJ
03/2026,PAULA CUNHA DA SILVA DENADAI,FAMÍLIA,Ações Diversas (SCPJ),15,SCPJ
03/2026,PAULA CUNHA DA SILVA DENADAI,CÍVEL,Ações Diversas (SCPJ),14,SCPJ
03/2026,ANA MARINA MONTEIRO VALENTE DO COUTO,FAMÍLIA,Ações Diversas (SCPJ),20,SCPJ
03/2026,ANA MARINA MONTEIRO VALENTE DO COUTO,CÍVEL,Ações Diversas (SCPJ),15,SCPJ
04/2026,VERENA MAUÉS FIDALGO BARROS,FAMÍLIA,Ações Diversas (SCPJ),25,SCPJ
04/2026,PAULA CUNHA DA SILVA DENADAI,FAMÍLIA,Ações Diversas (SCPJ),34,SCPJ
04/2026,ANA MARINA MONTEIRO VALENTE DO COUTO,FAMÍLIA,Ações Diversas (SCPJ),25,SCPJ
05/2026,VERENA MAUÉS FIDALGO BARROS,FAMÍLIA,Ações Diversas (SCPJ),28,SCPJ
05/2026,VERENA MAUÉS FIDALGO BARROS,CÍVEL,Ações Diversas (SCPJ),32,SCPJ
05/2026,PAULA CUNHA DA SILVA DENADAI,FAMÍLIA,Ações Diversas (SCPJ),10,SCPJ
05/2026,PAULA CUNHA DA SILVA DENADAI,CÍVEL,Ações Diversas (SCPJ),16,SCPJ
05/2026,ANA MARINA MONTEIRO VALENTE DO COUTO,FAMÍLIA,Ações Diversas (SCPJ),5,SCPJ
05/2026,ANA MARINA MONTEIRO VALENTE DO COUTO,CÍVEL,Ações Diversas (SCPJ),10,SCPJ
06/2026,VERENA MAUÉS FIDALGO BARROS,FAMÍLIA,Ações Diversas (SCPJ),3,SCPJ
06/2026,PAULA CUNHA DA SILVA DENADAI,FAMÍLIA,Ações Diversas (SCPJ),3,SCPJ
06/2026,PAULA CUNHA DA SILVA DENADAI,CÍVEL,Ações Diversas (SCPJ),11,SCPJ
06/2026,ANA MARINA MONTEIRO VALENTE DO COUTO,FAMÍLIA,Ações Diversas (SCPJ),6,SCPJ
06/2026,ANA MARINA MONTEIRO VALENTE DO COUTO,CÍVEL,Ações Diversas (SCPJ),16,SCPJ
07/2026,VERENA MAUÉS FIDALGO BARROS,FAMÍLIA,Registro Extemporâneo Nascimento/Óbito (SCPJ),8,SCPJ
07/2026,VERENA MAUÉS FIDALGO BARROS,FAMÍLIA,Retificação em registro civil (SCPJ),2,SCPJ
07/2026,VERENA MAUÉS FIDALGO BARROS,FAMÍLIA,Alvará Judicial (SCPJ),1,SCPJ
07/2026,VERENA MAUÉS FIDALGO BARROS,FAMÍLIA,Interdição (SCPJ),9,SCPJ
07/2026,VERENA MAUÉS FIDALGO BARROS,FAMÍLIA,Outros(as) (SCPJ),5,SCPJ
07/2026,VERENA MAUÉS FIDALGO BARROS,FAMÍLIA,Divórcio (SCPJ),3,SCPJ
07/2026,VERENA MAUÉS FIDALGO BARROS,FAMÍLIA,"Alimentos (constituição, revisão, exoneração etc.) (SCPJ)",3,SCPJ
07/2026,VERENA MAUÉS FIDALGO BARROS,FAMÍLIA,"Guarda (constituição, revisão, exoneração etc.) (SCPJ)",1,SCPJ
07/2026,VERENA MAUÉS FIDALGO BARROS,CÍVEL,Ações Diversas (SCPJ),13,SCPJ
07/2026,PAULA CUNHA DA SILVA DENADAI,FAMÍLIA,Ações Diversas (SCPJ),1,SCPJ
07/2026,PAULA CUNHA DA SILVA DENADAI,CÍVEL,Ações Diversas (SCPJ),3,SCPJ
07/2026,ANA MARINA MONTEIRO VALENTE DO COUTO,CÍVEL,Ações Diversas (SCPJ),2,SCPJ
08/2026,VERENA MAUÉS FIDALGO BARROS,FAMÍLIA,Divórcio (SCPJ),7,SCPJ
08/2026,VERENA MAUÉS FIDALGO BARROS,FAMÍLIA,"Alimentos (constituição, revisão, exoneração etc.) (SCPJ)",9,SCPJ
08/2026,VERENA MAUÉS FIDALGO BARROS,FAMÍLIA,"Guarda (constituição, revisão, exoneração etc.) (SCPJ)",3,SCPJ
08/2026,VERENA MAUÉS FIDALGO BARROS,FAMÍLIA,Cumprimento de sentença e Execuções (SCPJ),2,SCPJ
08/2026,VERENA MAUÉS FIDALGO BARROS,FAMÍLIA,Outros(as) (SCPJ),13,SCPJ
08/2026,VERENA MAUÉS FIDALGO BARROS,FAMÍLIA,Registro Extemporâneo Nascimento/Óbito (SCPJ),5,SCPJ
08/2026,VERENA MAUÉS FIDALGO BARROS,FAMÍLIA,Retificação em registro civil (SCPJ),10,SCPJ
08/2026,VERENA MAUÉS FIDALGO BARROS,FAMÍLIA,Alvará Judicial (SCPJ),1,SCPJ
08/2026,VERENA MAUÉS FIDALGO BARROS,FAMÍLIA,Interdição (SCPJ),2,SCPJ
08/2026,VERENA MAUÉS FIDALGO BARROS,CÍVEL,Ações Diversas (SCPJ),2,SCPJ
08/2026,PAULA CUNHA DA SILVA DENADAI,FAMÍLIA,Ações Diversas (SCPJ),1,SCPJ
08/2026,PAULA CUNHA DA SILVA DENADAI,CÍVEL,Ações Diversas (SCPJ),9,SCPJ
02/2026,NÚCLEO DAS INSTITUIÇÕES DE ENSINO SUPERIOR,CÍVEL,Registro Extemporâneo Nascimento/óbito (SCPJ),16,SCPJ
02/2026,NÚCLEO DAS INSTITUIÇÕES DE ENSINO SUPERIOR,CÍVEL,Retificação em registro civil (SCPJ),14,SCPJ
02/2026,NÚCLEO DAS INSTITUIÇÕES DE ENSINO SUPERIOR,CÍVEL,"Direito da personalidade (Tutela, Curatela, Tomada de Decisão Apoiada etc.) (SCPJ)",5,SCPJ
02/2026,NÚCLEO DAS INSTITUIÇÕES DE ENSINO SUPERIOR,CÍVEL,Alvará Judicial (SCPJ),2,SCPJ
02/2026,NÚCLEO DAS INSTITUIÇÕES DE ENSINO SUPERIOR,CÍVEL,Interdição (SCPJ),6,SCPJ
02/2026,NÚCLEO DAS INSTITUIÇÕES DE ENSINO SUPERIOR,CÍVEL,Outros(as) (SCPJ),5,SCPJ
02/2026,NÚCLEO DAS INSTITUIÇÕES DE ENSINO SUPERIOR,CÍVEL,Registro Extemporâneo Nascimento/Óbito (SCPJ),5,SCPJ
02/2026,NÚCLEO DAS INSTITUIÇÕES DE ENSINO SUPERIOR,FAMÍLIA,Divórcio (SCPJ),22,SCPJ
02/2026,NÚCLEO DAS INSTITUIÇÕES DE ENSINO SUPERIOR,FAMÍLIA,Reconhecimento e Dissolução de União Estável (SCPJ),3,SCPJ
02/2026,NÚCLEO DAS INSTITUIÇÕES DE ENSINO SUPERIOR,FAMÍLIA,"Alimentos (constituição, revisão, exoneração etc.) (SCPJ)",10,SCPJ
02/2026,NÚCLEO DAS INSTITUIÇÕES DE ENSINO SUPERIOR,FAMÍLIA,"Guarda (constituição, revisão, exoneração etc.) (SCPJ)",9,SCPJ
02/2026,NÚCLEO DAS INSTITUIÇÕES DE ENSINO SUPERIOR,FAMÍLIA,Outros(as) (SCPJ),14,SCPJ
01/2026,NÚCLEO DAS INSTITUIÇÕES DE ENSINO SUPERIOR,FAMÍLIA,Divórcio (SCPJ),10,SCPJ
01/2026,NÚCLEO DAS INSTITUIÇÕES DE ENSINO SUPERIOR,FAMÍLIA,"Alimentos (constituição, revisão, exoneração etc.) (SCPJ)",3,SCPJ
01/2026,NÚCLEO DAS INSTITUIÇÕES DE ENSINO SUPERIOR,FAMÍLIA,"Guarda (constituição, revisão, exoneração etc.) (SCPJ)",1,SCPJ
01/2026,NÚCLEO DAS INSTITUIÇÕES DE ENSINO SUPERIOR,FAMÍLIA,Cumprimento de sentença e Execuções (SCPJ),1,SCPJ
01/2026,NÚCLEO DAS INSTITUIÇÕES DE ENSINO SUPERIOR,FAMÍLIA,Outros(as) (SCPJ),104,SCPJ
01/2026,NÚCLEO DAS INSTITUIÇÕES DE ENSINO SUPERIOR,FAMÍLIA,Registro Extemporâneo Nascimento/Óbito (SCPJ),13,SCPJ
01/2026,NÚCLEO DAS INSTITUIÇÕES DE ENSINO SUPERIOR,FAMÍLIA,Alvará Judicial (SCPJ),2,SCPJ
01/2026,NÚCLEO DAS INSTITUIÇÕES DE ENSINO SUPERIOR,FAMÍLIA,Interdição (SCPJ),5,SCPJ
04/2026,NÚCLEO DAS INSTITUIÇÕES DE ENSINO SUPERIOR,FAMÍLIA,Divórcio (SCPJ),22,SCPJ
04/2026,NÚCLEO DAS INSTITUIÇÕES DE ENSINO SUPERIOR,FAMÍLIA,Reconhecimento e Dissolução de União Estável (SCPJ),2,SCPJ
04/2026,NÚCLEO DAS INSTITUIÇÕES DE ENSINO SUPERIOR,FAMÍLIA,"Alimentos (constituição, revisão, exoneração etc.) (SCPJ)",84,SCPJ
04/2026,NÚCLEO DAS INSTITUIÇÕES DE ENSINO SUPERIOR,FAMÍLIA,"Guarda (constituição, revisão, exoneração etc.) (SCPJ)",2,SCPJ
04/2026,NÚCLEO DAS INSTITUIÇÕES DE ENSINO SUPERIOR,FAMÍLIA,"Parentesco (Investigação, anulação, negatória etc.) (SCPJ)",1,SCPJ
04/2026,NÚCLEO DAS INSTITUIÇÕES DE ENSINO SUPERIOR,FAMÍLIA,Cumprimento de sentença e Execuções (SCPJ),2,SCPJ
04/2026,NÚCLEO DAS INSTITUIÇÕES DE ENSINO SUPERIOR,FAMÍLIA,Outros(as) (SCPJ),58,SCPJ
08/2026,NÚCLEO DAS INSTITUIÇÕES DE ENSINO SUPERIOR,FAMÍLIA,Divórcio (SCPJ),30,SCPJ
08/2026,NÚCLEO DAS INSTITUIÇÕES DE ENSINO SUPERIOR,FAMÍLIA,"Alimentos (constituição, revisão, exoneração etc.) (SCPJ)",23,SCPJ
08/2026,NÚCLEO DAS INSTITUIÇÕES DE ENSINO SUPERIOR,FAMÍLIA,"Guarda (constituição, revisão, exoneração etc.) (SCPJ)",3,SCPJ
08/2026,NÚCLEO DAS INSTITUIÇÕES DE ENSINO SUPERIOR,FAMÍLIA,Cumprimento de sentença e Execuções (SCPJ),2,SCPJ
08/2026,NÚCLEO DAS INSTITUIÇÕES DE ENSINO SUPERIOR,FAMÍLIA,Outros(as) (SCPJ),27,SCPJ
08/2026,NÚCLEO DAS INSTITUIÇÕES DE ENSINO SUPERIOR,FAMÍLIA,Registro Extemporâneo Nascimento/Óbito (SCPJ),21,SCPJ
08/2026,NÚCLEO DAS INSTITUIÇÕES DE ENSINO SUPERIOR,FAMÍLIA,Retificação em registro civil (SCPJ),19,SCPJ
08/2026,NÚCLEO DAS INSTITUIÇÕES DE ENSINO SUPERIOR,FAMÍLIA,"Direito da personalidade (Tutela, Curatela, Tomada de Decisão Apoiada etc.) (SCPJ)",1,SCPJ
08/2026,NÚCLEO DAS INSTITUIÇÕES DE ENSINO SUPERIOR,FAMÍLIA,Alvará Judicial (SCPJ),4,SCPJ
08/2026,NÚCLEO DAS INSTITUIÇÕES DE ENSINO SUPERIOR,FAMÍLIA,Interdição (SCPJ),6,SCPJ
07/2026,NÚCLEO DAS INSTITUIÇÕES DE ENSINO SUPERIOR,FAMÍLIA,Registro Extemporâneo Nascimento/Óbito (SCPJ),14,SCPJ
07/2026,NÚCLEO DAS INSTITUIÇÕES DE ENSINO SUPERIOR,FAMÍLIA,Retificação em registro civil (SCPJ),15,SCPJ
07/2026,NÚCLEO DAS INSTITUIÇÕES DE ENSINO SUPERIOR,FAMÍLIA,"Direito da personalidade (Tutela, Curatela, Tomada de Decisão Apoiada etc.) (SCPJ)",4,SCPJ
07/2026,NÚCLEO DAS INSTITUIÇÕES DE ENSINO SUPERIOR,FAMÍLIA,Alvará Judicial (SCPJ),3,SCPJ
07/2026,NÚCLEO DAS INSTITUIÇÕES DE ENSINO SUPERIOR,FAMÍLIA,Interdição (SCPJ),9,SCPJ
07/2026,NÚCLEO DAS INSTITUIÇÕES DE ENSINO SUPERIOR,FAMÍLIA,Outros(as) (SCPJ),7,SCPJ
07/2026,NÚCLEO DAS INSTITUIÇÕES DE ENSINO SUPERIOR,FAMÍLIA,Divórcio (SCPJ),8,SCPJ
07/2026,NÚCLEO DAS INSTITUIÇÕES DE ENSINO SUPERIOR,FAMÍLIA,"Alimentos (constituição, revisão, exoneração etc.) (SCPJ)",10,SCPJ
07/2026,NÚCLEO DAS INSTITUIÇÕES DE ENSINO SUPERIOR,FAMÍLIA,"Guarda (constituição, revisão, exoneração etc.) (SCPJ)",3,SCPJ
07/2026,NÚCLEO DAS INSTITUIÇÕES DE ENSINO SUPERIOR,FAMÍLIA,"Regulamentação de Visita (constituição, revisão, exoneração etc.) (SCPJ)",2,SCPJ
